{"cem_cartpole.yaml": [[-9.100000381469727, -9.300000190734863, -13.300000190734863, -33.70000076293945, -64.0999984741211, -69.0, -61.20000076293945, -62.70000076293945, -116.0999984741211, -85.4000015258789, -99.9000015258789, -123.80000305175781, -195.3000030517578, -267.0, -262.0, -195.8000030517578, -474.3999938964844, -335.79998779296875, -500.0, -500.0, -500.0, -500.0, -500.0, -500.0, -500.0, -500.0, -500.0, -500.0, -500.0, -500.0, -500.0], [-9.300000190734863, -9.5, -9.5, -58.400001525878906, -76.80000305175781, -126.9000015258789, -179.1999969482422, -186.0, -227.5, -305.8999938964844, -497.79998779296875, -500.0, -500.0, -500.0, -500.0, -500.0, -500.0, -500.0, -500.0, -500.0, -500.0, -500.0, -500.0, -500.0, -500.0, -500.0, -500.0, -500.0, -500.0, -500.0, -500.0], [-9.199999809265137, -9.600000381469727, -8.800000190734863, -9.5, -9.300000190734863, -9.399999618530273, -9.300000190734863, -9.399999618530273, -14.5, -20.399999618530273, -53.29999923706055, -48.70000076293945, -158.3000030517578, -121.5, -143.1999969482422, -128.8000030517578, -93.19999694824219, -88.80000305175781, -148.1999969482422, -100.30000305175781, -123.0999984741211, -195.0, -239.10000610351562, -279.8999938964844, -324.20001220703125, -302.5, -420.29998779296875, -370.0, -464.5, -481.5, -499.5], [-9.800000190734863, -9.800000190734863, -9.600000381469727, -9.0, -10.5, -122.5, -322.29998779296875, -306.29998779296875, -327.20001220703125, -424.8999938964844, -497.20001220703125, -496.70001220703125, -500.0, -500.0, -500.0, -500.0, -500.0, -500.0, -500.0, -500.0, -500.0, -500.0, -500.0, -500.0, -500.0, -500.0, -500.0, -500.0, -500.0, -500.0, -500.0]], "cem_acrobot.yaml": [[500.0, 500.0, 500.0, 500.0, 500.0, 467.6000061035156, 192.3000030517578, 148.5, 158.89999389648438, 184.0, 168.60000610351562, 142.10000610351562, 93.19999694824219, 85.5999984741211, 89.4000015258789, 85.19999694824219, 97.30000305175781, 80.19999694824219, 78.9000015258789, 82.80000305175781, 86.0, 79.30000305175781, 86.0, 95.4000015258789, 84.0999984741211, 81.5, 92.69999694824219, 78.5, 83.80000305175781, 93.5999984741211, 79.69999694824219], [500.0, 500.0, 500.0, 500.0, 500.0, 500.0, 500.0, 189.0, 184.1999969482422, 166.39999389648438, 163.89999389648438, 191.3000030517578, 144.0, 166.89999389648438, 213.8000030517578, 145.8000030517578, 178.6999969482422, 169.6999969482422, 237.0, 150.89999389648438, 204.5, 163.10000610351562, 174.0, 159.6999969482422, 171.0, 150.1999969482422, 150.0, 172.8000030517578, 185.89999389648438, 149.39999389648438, 163.10000610351562], [500.0, 500.0, 500.0, 500.0, 500.0, 500.0, 500.0, 500.0, 150.0, 127.5999984741211, 184.6999969482422, 78.69999694824219, 95.80000305175781, 94.80000305175781, 96.80000305175781, 92.0, 97.30000305175781, 109.9000015258789, 81.5, 90.0, 86.9000015258789, 112.0999984741211, 87.4000015258789, 96.0, 88.4000015258789, 83.69999694824219, 91.80000305175781, 87.80000305175781, 99.9000015258789, 92.5, 100.4000015258789], [500.0, 500.0, 500.0, 500.0, 500.0, 470.6000061035156, 172.10000610351562, 143.60000610351562, 80.9000015258789, 86.0, 96.0999984741211, 84.80000305175781, 81.0999984741211, 83.19999694824219, 105.69999694824219, 86.5999984741211, 103.80000305175781, 88.4000015258789, 98.0, 99.19999694824219, 86.19999694824219, 83.80000305175781, 124.5, 78.19999694824219, 86.80000305175781, 82.0999984741211, 87.5, 87.5, 92.80000305175781, 84.0, 78.4000015258789]], "cem_pendulum.yaml": [[1228.236572265625, 1273.435791015625, 1141.7890625, 1138.037109375, 1177.282470703125, 1279.5458984375, 1323.4769287109375, 1150.26806640625, 1138.0836181640625, 1182.9537353515625, 1259.3560791015625, 1223.250732421875, 1234.197509765625, 1288.3643798828125, 1305.03125, 1324.165283203125, 1261.772216796875, 1217.12939453125, 1049.357177734375, 1090.173583984375, 1416.0594482421875, 1263.5977783203125, 1379.112060546875, 1198.0433349609375, 1195.2626953125, 1234.142822265625, 1143.2816162109375, 1088.7406005859375, 1179.947509765625, 1148.05908203125, 1080.0426025390625], [1390.743408203125, 1169.0086669921875, 1244.217041015625, 1218.8521728515625, 1287.7069091796875, 1156.460205078125, 1241.1993408203125, 1148.696533203125, 1196.13037109375, 1100.883056640625, 1037.232177734375, 1072.5853271484375, 977.6036376953125, 1020.1004028320312, 1024.879638671875, 1043.802978515625, 1033.83203125, 955.0458984375, 1149.845947265625, 1107.522216796875, 926.4089965820312, 989.8138427734375, 950.6941528320312, 969.8193359375, 1041.926513671875, 958.4989013671875, 927.1494140625, 1076.223876953125, 998.8030395507812, 984.8894653320312, 1078.5343017578125], [1298.8902587890625, 1339.991455078125, 1270.9617919921875, 1096.092529296875, 1205.581787109375, 1202.073974609375, 1067.9769287109375, 1143.1195068359375, 1204.802001953125, 1176.498291015625, 1110.953857421875, 1138.3580322265625, 1276.4537353515625, 1168.089111328125, 1105.624755859375, 1233.952392578125, 1185.5201416015625, 1218.090576171875, 1162.033935546875, 1180.8896484375, 1161.6583251953125, 1114.107666015625, 1144.611572265625, 1373.1785888671875, 1319.893310546875, 1322.2249755859375, 1305.172607421875, 1189.1448974609375, 1167.4832763671875, 1214.063720703125, 1224.6343994140625], [1317.8294677734375, 1240.3885498046875, 1154.4368896484375, 1219.474853515625, 1154.565185546875, 1081.9229736328125, 1174.9090576171875, 1253.5025634765625, 1232.5146484375, 1100.36376953125, 1194.9847412109375, 1157.6668701171875, 1314.5142822265625, 1297.947021484375, 1196.700439453125, 1068.32177734375, 1207.7589111328125, 1130.0732421875, 1146.33056640625, 1170.267333984375, 1191.4005126953125, 1034.1871337890625, 1076.519287109375, 1041.1337890625, 1033.7938232421875, 1099.139404296875, 1041.162109375, 958.2238159179688, 1071.989013671875, 1003.4158325195312, 910.5071411132812]]}