{"cem_cartpole.yaml": [[-9.399999618530273, -9.300000190734863, -9.300000190734863, -9.0, -9.5, -9.199999809265137, -14.199999809265137, -46.29999923706055, -78.9000015258789, -64.5999984741211, -55.5, -60.099998474121094, -73.30000305175781, -112.9000015258789, -103.30000305175781, -157.3000030517578, -404.6000061035156, -498.0, -500.0, -500.0, -500.0, -500.0, -500.0, -500.0, -500.0, -500.0, -500.0, -500.0, -500.0, -500.0, -500.0], [-9.399999618530273, -9.100000381469727, -9.399999618530273, -9.199999809265137, -9.300000190734863, -9.699999809265137, -9.0, -9.199999809265137, -24.899999618530273, -46.400001525878906, -72.9000015258789, -298.6000061035156, -156.60000610351562, -203.1999969482422, -273.29998779296875, -286.0, -500.0, -500.0, -500.0, -500.0, -500.0, -500.0, -500.0, -500.0, -500.0, -500.0, -500.0, -500.0, -500.0, -500.0, -500.0], [-9.399999618530273, -9.600000381469727, -9.399999618530273, -9.300000190734863, -9.699999809265137, -11.100000381469727, -23.0, -34.70000076293945, -63.900001525878906, -76.0, -97.5999984741211, -145.39999389648438, -177.10000610351562, -174.5, -264.70001220703125, -497.5, -500.0, -500.0, -484.8999938964844, -500.0, -494.20001220703125, -500.0, -500.0, -500.0, -500.0, -500.0, -500.0, -500.0, -500.0, -500.0, -500.0], [-8.899999618530273, -9.5, -9.199999809265137, -9.399999618530273, -22.899999618530273, -64.69999694824219, -66.5999984741211, -201.6999969482422, -222.0, -500.0, -500.0, -500.0, -500.0, -500.0, -500.0, -500.0, -500.0, -500.0, -500.0, -500.0, -500.0, -500.0, -500.0, -500.0, -500.0, -500.0, -500.0, -500.0, -500.0, -500.0, -500.0]], "cem_acrobot.yaml": [[500.0, 500.0, 500.0, 500.0, 500.0, 500.0, 500.0, 500.0, 500.0, 500.0, 416.3999938964844, 107.30000305175781, 91.0, 93.0, 107.0, 103.19999694824219, 79.9000015258789, 84.0999984741211, 100.4000015258789, 89.9000015258789, 81.30000305175781, 79.5, 78.9000015258789, 89.4000015258789, 94.30000305175781, 90.19999694824219, 101.9000015258789, 83.19999694824219, 88.0, 87.0, 90.4000015258789], [500.0, 500.0, 500.0, 500.0, 500.0, 500.0, 500.0, 500.0, 500.0, 500.0, 500.0, 500.0, 500.0, 74.19999694824219, 92.5, 97.19999694824219, 85.4000015258789, 81.80000305175781, 81.0999984741211, 87.9000015258789, 81.5, 94.69999694824219, 83.0999984741211, 86.0999984741211, 87.9000015258789, 78.69999694824219, 83.0, 98.4000015258789, 79.0, 90.9000015258789, 89.4000015258789], [500.0, 500.0, 500.0, 500.0, 500.0, 500.0, 500.0, 500.0, 500.0, 81.0999984741211, 94.19999694824219, 78.9000015258789, 79.5999984741211, 97.5, 99.80000305175781, 79.19999694824219, 78.4000015258789, 73.5, 90.5, 78.5999984741211, 74.80000305175781, 85.80000305175781, 75.4000015258789, 79.19999694824219, 79.80000305175781, 78.9000015258789, 92.5999984741211, 77.4000015258789, 81.5999984741211, 83.5999984741211, 81.4000015258789], [500.0, 500.0, 500.0, 218.60000610351562, 500.0, 500.0, 500.0, 500.0, 500.0, 500.0, 198.0, 164.3000030517578, 78.80000305175781, 117.4000015258789, 127.80000305175781, 85.9000015258789, 85.19999694824219, 98.30000305175781, 109.19999694824219, 93.19999694824219, 101.5999984741211, 102.5, 95.0999984741211, 105.0999984741211, 89.0, 92.4000015258789, 86.80000305175781, 97.4000015258789, 86.0, 93.0999984741211, 109.5]], "cem_pendulum.yaml": [[1227.3062744140625, 1332.815185546875, 1222.756591796875, 1267.490478515625, 1431.146728515625, 1309.0120849609375, 1300.6435546875, 1163.237548828125, 1305.156494140625, 1309.24755859375, 1336.181396484375, 1292.826416015625, 1231.3927001953125, 1357.4716796875, 1283.0579833984375, 1240.8414306640625, 1336.639892578125, 1223.8880615234375, 1151.6112060546875, 1222.3817138671875, 1292.7364501953125, 1324.4554443359375, 1357.3428955078125, 1312.4183349609375, 1522.3914794921875, 1299.239990234375, 1429.234130859375, 1431.7052001953125, 1384.1025390625, 1285.4559326171875, 1347.707763671875], [1111.367919921875, 1275.8677978515625, 1056.482177734375, 1143.3375244140625, 1212.5450439453125, 1151.99462890625, 1361.8868408203125, 1406.848876953125, 1196.2684326171875, 1245.0880126953125, 1132.7725830078125, 1312.953369140625, 1130.43408203125, 1432.0537109375, 1373.5721435546875, 1289.126220703125, 1283.4837646484375, 1187.3643798828125, 1163.9219970703125, 1190.8128662109375, 1218.532470703125, 1395.148193359375, 1202.365478515625, 1088.903076171875, 1240.0150146484375, 1210.3797607421875, 1212.740966796875, 1309.1361083984375, 1223.8759765625, 1070.809814453125, 1291.548828125], [1393.336669921875, 1121.444091796875, 1114.05615234375, 1240.5277099609375, 1210.43408203125, 1296.542724609375, 1191.180419921875, 1125.5009765625, 1208.73388671875, 1190.797607421875, 1210.8394775390625, 1313.21728515625, 1407.521240234375, 1348.8565673828125, 1283.3900146484375, 1293.00341796875, 1343.6253662109375, 1262.6337890625, 1228.631103515625, 1249.800048828125, 1320.2734375, 1204.9144287109375, 1261.1876220703125, 1246.916015625, 1464.213623046875, 1364.8123779296875, 1453.81201171875, 1213.4847412109375, 1360.4886474609375, 1333.384521484375, 1281.10693359375], [1245.059326171875, 1197.6234130859375, 1325.8883056640625, 1239.781005859375, 1422.353515625, 1282.40234375, 1208.9185791015625, 1368.8634033203125, 1273.7921142578125, 1334.4237060546875, 1189.094482421875, 1061.543701171875, 1451.4677734375, 1235.4814453125, 1507.498779296875, 1308.1827392578125, 1380.48876953125, 1333.0076904296875, 1231.4449462890625, 1077.422119140625, 1191.0015869140625, 1206.417724609375, 1279.6558837890625, 1203.007568359375, 1429.373779296875, 1238.6839599609375, 1141.940185546875, 1226.5081787109375, 1386.6729736328125, 1567.2386474609375, 1200.6729736328125]]}