{
  "cem_cartpole.yaml": [
    [
      -9.800000190734863, -9.800000190734863, -9.800000190734863,
      -9.800000190734863, -9.699999809265137, -9.699999809265137,
      -9.600000381469727, -9.600000381469727, -9.600000381469727,
      -9.600000381469727, -10.0, -10.0, -9.699999809265137, -9.600000381469727,
      -9.600000381469727, -9.600000381469727, -9.600000381469727, -9.5, -9.5,
      -9.5, -9.899999618530273, -9.800000190734863, -9.800000190734863,
      -9.699999809265137, -9.699999809265137, -9.699999809265137,
      -9.699999809265137, -9.600000381469727, -9.600000381469727,
      -9.600000381469727
    ],
    [
      -9.899999618530273, -9.800000190734863, -9.800000190734863,
      -9.800000190734863, -9.699999809265137, -9.699999809265137,
      -9.699999809265137, -9.699999809265137, -9.699999809265137,
      -9.600000381469727, -9.899999618530273, -9.800000190734863,
      -9.699999809265137, -9.600000381469727, -9.600000381469727,
      -9.600000381469727, -9.600000381469727, -9.600000381469727,
      -9.600000381469727, -9.600000381469727, -40.400001525878906,
      -13.100000381469727, -12.600000381469727, -12.399999618530273,
      -9.800000190734863, -9.800000190734863, -9.699999809265137,
      -9.699999809265137, -9.699999809265137, -9.600000381469727
    ]
  ],
  "cem_cartpole2.yaml": [
    [
      -9.699999809265137, -9.699999809265137, -9.600000381469727,
      -9.600000381469727, -9.600000381469727, -9.600000381469727,
      -9.600000381469727, -9.600000381469727, -9.600000381469727,
      -9.600000381469727, -477.5, -10.0, -9.899999618530273, -9.800000190734863,
      -9.699999809265137, -9.699999809265137, -9.600000381469727,
      -9.600000381469727, -9.600000381469727, -9.600000381469727,
      -15.300000190734863, -13.199999809265137, -9.899999618530273,
      -9.699999809265137, -9.699999809265137, -9.699999809265137,
      -9.699999809265137, -9.600000381469727, -9.600000381469727,
      -9.600000381469727
    ],
    [
      -10.0, -9.699999809265137, -9.699999809265137, -9.699999809265137,
      -9.699999809265137, -9.699999809265137, -9.699999809265137,
      -9.699999809265137, -9.600000381469727, -9.5, -9.800000190734863,
      -9.800000190734863, -9.699999809265137, -9.600000381469727,
      -9.600000381469727, -9.600000381469727, -9.600000381469727,
      -9.600000381469727, -9.5, -9.5, -9.899999618530273, -9.800000190734863,
      -9.800000190734863, -9.699999809265137, -9.699999809265137,
      -9.699999809265137, -9.699999809265137, -9.600000381469727,
      -9.600000381469727, -9.600000381469727
    ]
  ]
}
