{"cem_acrobot.yaml": [[1208.07568359375, 1335.7845458984375, 1232.108642578125, 1247.44140625, 1256.205078125, 1274.12353515625, 1342.7818603515625, 1084.505126953125, 1141.64892578125, 1232.8790283203125, 1226.913818359375, 1145.70654296875, 1177.9364013671875, 1285.7919921875, 1176.555908203125, 1303.3529052734375, 1238.7061767578125, 1297.262451171875, 1070.9022216796875, 1186.1319580078125, 1233.205810546875, 1099.845458984375, 1141.6226806640625, 1126.1051025390625, 1098.561279296875, 1222.698486328125, 1120.1412353515625, 1170.1904296875, 1171.915283203125, 1297.67626953125, 1220.8021240234375], [1201.9127197265625, 1241.2562255859375, 1187.486083984375, 1316.906982421875, 1321.184814453125, 1198.30224609375, 1343.822021484375, 1089.380126953125, 1193.309326171875, 1159.6844482421875, 1260.7554931640625, 1186.883544921875, 1211.6226806640625, 1185.124755859375, 1175.743896484375, 1158.643310546875, 1093.424072265625, 1124.0465087890625, 1116.315673828125, 1019.2139892578125, 1046.7694091796875, 1061.704833984375, 1055.774169921875, 1015.0202026367188, 981.9646606445312, 1061.95361328125, 1032.081298828125, 1016.6392822265625, 1013.3193359375, 1095.709228515625, 1049.818115234375], [1177.9820556640625, 1417.7991943359375, 1315.387451171875, 1156.84375, 1234.21142578125, 1329.5810546875, 1284.82373046875, 1098.619384765625, 1147.9873046875, 1190.848388671875, 1191.234375, 1192.468994140625, 1161.7744140625, 1195.201171875, 1139.3284912109375, 1101.49462890625, 1156.2508544921875, 1079.2672119140625, 1049.0147705078125, 1089.2266845703125, 1088.01953125, 1071.7064208984375, 1068.004638671875, 1091.7947998046875, 1062.495849609375, 1033.475341796875, 1069.1781005859375, 992.6823120117188, 919.2406005859375, 1005.3995971679688, 888.93310546875], [1411.238525390625, 1256.841064453125, 1129.50537109375, 1107.03173828125, 1146.904541015625, 1199.37255859375, 1113.13330078125, 1210.892333984375, 1166.47265625, 1189.467041015625, 1182.1739501953125, 1281.1143798828125, 1168.2901611328125, 1129.2161865234375, 1214.480224609375, 1195.441162109375, 1113.374755859375, 1146.923583984375, 1122.8590087890625, 1153.86181640625, 1039.91259765625, 1099.424560546875, 1181.449951171875, 1175.880859375, 1112.671630859375, 1127.123779296875, 1063.0269775390625, 1056.8363037109375, 1142.659912109375, 1071.6514892578125, 1103.445068359375]], "cem_cartpole.yaml": [[1441.3497314453125, 1271.339599609375, 1171.760009765625, 1204.9622802734375, 1136.816650390625, 1177.5299072265625, 1224.112060546875, 1170.783203125, 1151.4666748046875, 1107.1829833984375, 1405.161865234375, 1356.116943359375, 1143.59326171875, 1241.6571044921875, 1273.19921875, 1320.2994384765625, 1187.9263916015625, 1211.9735107421875, 1266.754150390625, 1233.415283203125, 1181.648193359375, 1132.781005859375, 1157.51904296875, 1129.821044921875, 1172.685791015625, 1136.900390625, 1104.3170166015625, 1118.230712890625, 1136.6011962890625, 1105.1331787109375, 1120.131103515625], [1253.7452392578125, 1252.9501953125, 1323.8592529296875, 1261.7711181640625, 1088.119384765625, 1255.004150390625, 1408.832275390625, 1399.193603515625, 1139.038330078125, 1006.7103271484375, 1279.744384765625, 1352.1160888671875, 1169.0272216796875, 1267.31640625, 1233.128662109375, 1188.234375, 1161.406005859375, 966.3031005859375, 1159.960205078125, 1109.94775390625, 1108.5482177734375, 923.9161987304688, 1071.6331787109375, 979.5550537109375, 900.5652465820312, 1012.78564453125, 934.1549682617188, 1025.26025390625, 1058.015869140625, 1042.816650390625, 866.7935791015625], [1186.548095703125, 1365.4112548828125, 1090.6298828125, 1179.6378173828125, 1090.571533203125, 1040.918701171875, 1297.97216796875, 1296.5784912109375, 1172.38330078125, 1185.5306396484375, 1055.7628173828125, 1309.0770263671875, 1192.5240478515625, 1466.159912109375, 1414.9085693359375, 1292.0859375, 1269.276123046875, 1146.2294921875, 1099.0, 1068.0291748046875, 1137.8214111328125, 1106.9954833984375, 1034.389892578125, 1059.531005859375, 1147.843017578125, 1018.7965698242188, 998.4058837890625, 1008.9766845703125, 1054.0816650390625, 1073.01171875, 1039.296142578125], [1282.1109619140625, 1323.068115234375, 1287.2813720703125, 1222.402099609375, 1153.4281005859375, 1169.329833984375, 1180.941162109375, 1168.6654052734375, 1060.09765625, 1074.342529296875, 1149.838134765625, 1146.748291015625, 1161.3212890625, 1216.4951171875, 1172.9837646484375, 1137.408447265625, 1284.635986328125, 1213.5328369140625, 1200.543212890625, 1099.4610595703125, 1139.7762451171875, 1153.270751953125, 1174.922119140625, 1160.851318359375, 1129.1942138671875, 1124.7406005859375, 1176.529541015625, 1141.2689208984375, 1180.160888671875, 1181.9249267578125, 1208.517822265625]], "cem_mountaincar.yaml": [[1361.8038330078125, 1319.178955078125, 1360.11474609375, 1220.475830078125, 1132.38330078125, 1285.9403076171875, 1132.275634765625, 1323.256103515625, 1320.678466796875, 1347.286376953125, 1449.884765625, 1275.865478515625, 1274.0323486328125, 1088.161865234375, 1098.455322265625, 1112.67333984375, 1214.3961181640625, 1231.2720947265625, 1234.2220458984375, 1230.400634765625, 1270.1868896484375, 1171.972900390625, 1156.3314208984375, 1147.4566650390625, 1248.840087890625, 1161.5472412109375, 1229.9124755859375, 1127.3646240234375, 1200.2332763671875, 1097.9940185546875, 1026.5926513671875], [1386.75439453125, 1175.818359375, 1283.1695556640625, 1207.4483642578125, 1476.4326171875, 1140.8245849609375, 1159.289306640625, 1171.90185546875, 1212.3839111328125, 1187.799560546875, 1154.6951904296875, 1134.8924560546875, 1165.5758056640625, 1097.4620361328125, 1138.5689697265625, 1200.259521484375, 1109.194091796875, 1087.057861328125, 1138.8526611328125, 1089.4853515625, 1090.848388671875, 1146.5491943359375, 1155.9049072265625, 1060.8470458984375, 1052.6424560546875, 990.3876953125, 1029.7010498046875, 1027.5267333984375, 1044.871826171875, 1117.995361328125, 1097.7969970703125], [1446.718994140625, 1224.140869140625, 1234.1302490234375, 1257.1448974609375, 1417.344970703125, 1233.2327880859375, 1278.536865234375, 1151.4345703125, 1225.7000732421875, 1139.6802978515625, 1183.5809326171875, 1149.6646728515625, 1205.754150390625, 1148.7843017578125, 1265.6571044921875, 1159.918212890625, 1153.3203125, 1103.2279052734375, 1175.8599853515625, 1082.385009765625, 1137.986328125, 1077.054931640625, 1099.1375732421875, 1076.0042724609375, 1093.657958984375, 1120.7779541015625, 1199.7196044921875, 1076.2767333984375, 1088.6829833984375, 1092.5543212890625, 1055.090576171875], [1467.111572265625, 1281.01416015625, 1261.4383544921875, 1401.2833251953125, 1189.9698486328125, 1213.9345703125, 1242.200927734375, 1275.783447265625, 1294.946044921875, 1284.8294677734375, 1200.850830078125, 1242.350830078125, 1167.942138671875, 1240.6951904296875, 1130.5284423828125, 1105.6556396484375, 1215.9708251953125, 1278.1060791015625, 1231.000732421875, 1294.6322021484375, 1177.2200927734375, 1100.271484375, 1273.13037109375, 1227.081787109375, 1220.16064453125, 1092.5013427734375, 1080.697265625, 1120.826171875, 1195.0086669921875, 1234.8309326171875, 1035.1517333984375]],