{"cem_cartpole.yaml": [[-9.800000190734863, -9.800000190734863, -9.800000190734863, -9.800000190734863, -9.699999809265137, -9.699999809265137, -9.600000381469727, -9.600000381469727, -9.600000381469727, -9.600000381469727, -21.600000381469727, -16.700000762939453, -9.800000190734863, -9.800000190734863, -9.699999809265137, -9.699999809265137, -9.699999809265137, -9.600000381469727, -9.600000381469727, -9.600000381469727, -35.900001525878906, -28.200000762939453, -17.0, -11.300000190734863, -10.100000381469727, -10.100000381469727, -9.899999618530273, -9.800000190734863, -9.800000190734863, -9.699999809265137], [-9.800000190734863, -9.800000190734863, -9.800000190734863, -9.699999809265137, -9.699999809265137, -9.600000381469727, -9.600000381469727, -9.600000381469727, -9.600000381469727, -9.5, -29.700000762939453, -9.800000190734863, -9.699999809265137, -9.699999809265137, -9.600000381469727, -9.600000381469727, -9.600000381469727, -9.600000381469727, -9.600000381469727, -9.5, -15.199999809265137, -9.899999618530273, -9.899999618530273, -9.800000190734863, -9.600000381469727, -9.600000381469727, -9.600000381469727, -9.5, -9.5, -9.5]], "cem_cartpole2.yaml": [[-9.800000190734863, -9.800000190734863, -9.699999809265137, -9.699999809265137, -9.600000381469727, -9.600000381469727, -9.600000381469727, -9.600000381469727, -9.600000381469727, -9.5, -11.100000381469727, -9.800000190734863, -9.800000190734863, -9.699999809265137, -9.699999809265137, -9.699999809265137, -9.600000381469727, -9.600000381469727, -9.600000381469727, -9.600000381469727, -10.0, -9.899999618530273, -9.899999618530273, -9.899999618530273, -9.800000190734863, -9.800000190734863, -9.800000190734863, -9.699999809265137, -9.600000381469727, -9.600000381469727], [-10.100000381469727, -9.899999618530273, -9.800000190734863, -9.699999809265137, -9.699999809265137, -9.699999809265137, -9.699999809265137, -9.600000381469727, -9.600000381469727, -9.600000381469727, -9.899999618530273, -9.800000190734863, -9.699999809265137, -9.699999809265137, -9.699999809265137, -9.600000381469727, -9.600000381469727, -9.600000381469727, -9.600000381469727, -9.600000381469727, -438.6000061035156, -43.20000076293945, -40.29999923706055, -21.899999618530273, -11.5, -9.899999618530273, -9.800000190734863, -9.800000190734863, -9.699999809265137, -9.699999809265137]]}