{"cem_acrobot.yaml": [[1243.280029296875, 1284.350341796875, 1136.8079833984375, 1237.3302001953125, 1511.7894287109375, 1309.8431396484375, 1410.8736572265625, 1280.243896484375, 1502.931884765625, 1236.3134765625, 1268.17333984375, 1253.524169921875, 1403.8746337890625, 1450.1412353515625, 1381.203369140625, 1618.6796875, 1386.2703857421875, 1443.7283935546875, 1290.461181640625, 1235.443115234375, 1314.935791015625, 1340.325439453125, 1226.0078125, 1354.899658203125, 1305.140380859375, 1268.5933837890625, 1147.115966796875, 1245.727294921875, 1216.015869140625, 986.0797119140625, 1310.621826171875], [1208.2919921875, 1431.774169921875, 1287.35986328125, 1310.050048828125, 1366.245849609375, 1412.9853515625, 1324.9127197265625, 1463.1712646484375, 1209.128173828125, 1236.019287109375, 1268.335693359375, 1358.612548828125, 1164.2186279296875, 1324.5931396484375, 1326.060791015625, 1259.6783447265625, 1209.1712646484375, 1338.771728515625, 1241.6912841796875, 1338.041748046875, 1522.799560546875, 1492.484375, 1374.3306884765625, 1173.003662109375, 1261.485107421875, 1200.688720703125, 1382.5240478515625, 1275.228515625, 1264.9222412109375, 1335.154052734375, 1232.830322265625], [1351.2216796875, 1346.8486328125, 1415.740234375, 1160.434814453125, 1279.654541015625, 1268.0814208984375, 1389.86328125, 1463.39208984375, 1120.149169921875, 1204.9185791015625, 1293.650390625, 1421.3922119140625, 1349.3599853515625, 1335.344482421875, 1301.019775390625, 1331.156982421875, 1087.6964111328125, 1367.5389404296875, 1263.480224609375, 1238.7735595703125, 1264.495849609375, 1377.9837646484375, 1489.598388671875, 1311.427734375, 1335.458251953125, 1345.8328857421875, 1154.312255859375, 1147.1790771484375, 1178.765869140625, 1312.5478515625, 1369.7744140625], [1170.856689453125, 1243.0224609375, 1301.545166015625, 1334.9251708984375, 1221.519775390625, 1244.8155517578125, 1257.0196533203125, 1336.0113525390625, 1194.1107177734375, 1169.4588623046875, 1226.37939453125, 1311.127197265625, 1333.373291015625, 1491.4326171875, 1280.144287109375, 1320.9078369140625, 1352.8944091796875, 1328.959228515625, 1334.2666015625, 1389.8984375, 1439.0797119140625, 1346.4244384765625, 1154.52978515625, 1213.52490234375, 1216.2039794921875, 1272.833251953125, 1224.2652587890625, 1226.5440673828125, 1251.5267333984375, 1421.7926025390625, 1188.7724609375]], "cem_cartpole.yaml": [[1397.76318359375, 1332.0340576171875, 1286.258544921875, 1336.4273681640625, 1213.329833984375, 1439.309326171875, 1294.357666015625, 1341.248046875, 1301.729736328125, 1089.940673828125, 1156.824462890625, 1174.8233642578125, 1220.6685791015625, 1327.322021484375, 1215.6688232421875, 1142.843017578125, 1232.6982421875, 1170.831298828125, 1237.03564453125, 1284.4749755859375, 1088.6102294921875, 1238.535400390625, 1132.684326171875, 1148.644287109375, 1180.860107421875, 1202.531982421875, 1297.1458740234375, 1164.0130615234375, 1119.6956787109375, 1132.218505859375, 1154.619384765625], [1397.441650390625, 1291.487548828125, 1426.9097900390625, 1228.221923828125, 1294.9417724609375, 1189.1800537109375, 1248.705322265625, 1210.5576171875, 1262.518310546875, 1092.0316162109375, 1179.47509765625, 1312.4923095703125, 1124.8865966796875, 1289.5706787109375, 1275.545654296875, 1260.4736328125, 1202.0091552734375, 1328.6153564453125, 1186.9105224609375, 1315.1871337890625, 1304.2783203125, 1300.7618408203125, 1231.048583984375, 1261.1717529296875, 1203.520751953125, 1401.993408203125, 1292.799072265625, 1370.1126708984375, 1254.4117431640625, 1156.3572998046875, 1237.5740966796875], [1417.405517578125, 1388.620849609375, 1244.213623046875, 1414.8251953125, 1234.373046875, 1197.035400390625, 1461.012451171875, 1201.199462890625, 1362.207763671875, 1059.572998046875, 1315.2984619140625, 1166.902587890625, 1369.177978515625, 1231.715576171875, 1366.0068359375, 1341.2025146484375, 1216.7913818359375, 1187.3443603515625, 1276.155517578125, 1343.82470703125, 1222.358154296875, 1299.4798583984375, 1216.057861328125, 1271.470458984375, 1287.2078857421875, 1150.3973388671875, 1105.146240234375, 1159.020263671875, 1068.0059814453125, 1173.979248046875, 1062.52783203125], [1302.86083984375, 1181.2113037109375, 1236.546875, 1330.471435546875, 1156.8748779296875, 1247.5234375, 1293.020751953125, 1191.5699462890625, 1182.5150146484375, 1229.865966796875, 1245.8985595703125, 1297.919921875, 1196.668701171875, 1154.021728515625, 1259.4862060546875, 1232.4412841796875, 1179.5390625, 1197.0294189453125, 1234.453857421875, 1229.1614990234375, 1143.032958984375, 1187.123046875, 1315.4354248046875, 1335.700439453125, 1281.106689453125, 1216.474365234375, 1368.5670166015625, 1186.20458984375, 1093.805419921875, 1134.82421875, 1277.8443603515625]], "cem_mountaincar.yaml": [[1311.3555908203125, 1215.9803466796875, 1328.714111328125, 1338.7606201171875, 1259.3045654296875, 1335.364990234375, 1381.729248046875, 1441.945068359375, 1213.421630859375, 1301.771728515625, 1263.368896484375, 1392.54345703125, 1326.984375, 1145.4888916015625, 1295.1348876953125, 1387.993896484375, 1281.7244873046875, 1335.318115234375, 1299.3704833984375, 1415.9957275390625, 1340.2366943359375, 1350.1380615234375, 1387.9906005859375, 1349.837646484375, 1230.638427734375, 1238.481201171875, 1253.9801025390625, 1262.653564453125, 1320.562744140625, 1202.42919921875, 1323.707763671875], [1322.878173828125, 1220.156494140625, 1283.592041015625, 1262.0146484375, 1435.7105712890625, 1333.0386962890625, 1352.28076171875, 1335.056884765625, 1293.366943359375, 1394.8421630859375, 1213.182373046875, 1405.892333984375, 1400.9017333984375, 1252.447998046875, 1241.44140625, 1355.294677734375, 1242.8343505859375, 1285.711181640625, 1367.3623046875, 1319.7242431640625, 1450.005859375, 1197.08056640625, 1318.0338134765625, 1152.8472900390625, 1348.253173828125, 1354.9664306640625, 1359.4635009765625, 1269.194091796875, 1321.720947265625, 1091.17578125, 1429.242919921875], [1330.689208984375, 1226.991455078125, 1391.0537109375, 1238.585693359375, 1351.6209716796875, 1213.546875, 1185.397216796875, 1206.074951171875, 1203.489990234375, 1147.453369140625, 1318.728515625, 1448.455322265625, 1535.12255859375, 1228.997802734375, 1261.13037109375, 1280.561279296875, 1361.432861328125, 1324.7276611328125, 1249.67041015625, 1167.638916015625, 1375.9342041015625, 1288.922119140625, 1462.1873779296875, 1315.255126953125, 1390.571044921875, 1096.21337890625, 1460.2855224609375, 1301.2264404296875, 1199.132568359375, 1394.508544921875, 1111.75830078125], [1320.3436279296875, 1349.6182861328125, 1209.4200439453125, 1267.729736328125, 1322.124755859375, 1164.968994140625, 1556.4700927734375, 1431.9111328125, 1389.833740234375, 1285.6123046875, 1240.580322265625, 1296.7430419921875, 1246.1668701171875, 1147.722412109375, 1280.117919921875, 1341.784423828125, 1326.49951171875, 1340.0648193359375, 1269.3858642578125, 1244.2352294921875, 1146.8404541015625, 1298.4913330078125, 1294.5079345703125, 1078.093505859375, 1242.3531494140625, 1262.0174560546875, 1302.487548828125, 1349.379638671875, 1296.599853515625, 1354.9215087890625, 1277.777099609375]],