{"cem_acrobot.yaml": [[1271.0400390625, 1266.388916015625, 1431.9677734375, 1403.7884521484375, 1388.4456787109375, 1314.05908203125, 1385.927978515625, 1272.7239990234375, 1310.3792724609375, 1271.1746826171875, 1322.489013671875, 1312.5435791015625, 1276.96630859375, 1389.375, 1343.927001953125, 1263.08935546875, 1360.9136962890625, 1277.2496337890625, 1292.4952392578125, 1429.498291015625, 1327.984130859375, 1282.3424072265625, 1311.69775390625, 1442.9703369140625, 1378.5186767578125, 1380.2474365234375, 1377.0689697265625, 1320.137451171875, 1342.9755859375, 1291.4556884765625, 1322.6260986328125], [1238.47412109375, 1442.01123046875, 1240.49462890625, 1279.5009765625, 1288.756103515625, 1224.039306640625, 1710.413330078125, 1467.7694091796875, 1251.8795166015625, 1305.717529296875, 1357.4056396484375, 1279.5299072265625, 1186.5885009765625, 1168.9759521484375, 1373.489990234375, 1208.0439453125, 1216.7939453125, 1363.146728515625, 1243.2978515625, 1293.5135498046875, 1191.9173583984375, 1333.8509521484375, 1143.1849365234375, 1314.4619140625, 1352.6204833984375, 1397.4713134765625, 1279.3717041015625, 1295.717529296875, 1282.8675537109375, 1332.58642578125, 1365.129638671875], [1488.707763671875, 1217.975341796875, 1301.283447265625, 1334.521240234375, 1389.4697265625, 1351.7342529296875, 1301.36767578125, 1334.3125, 1338.6302490234375, 1474.683349609375, 1433.0980224609375, 1393.178955078125, 1430.434814453125, 1265.3623046875, 1240.17822265625, 1338.148193359375, 1299.589111328125, 1390.0128173828125, 1317.999755859375, 1396.115478515625, 1492.540283203125, 1383.753662109375, 1489.1220703125, 1251.3096923828125, 1275.835205078125, 1333.85693359375, 1295.9290771484375, 1366.5968017578125, 1365.18896484375, 1361.806640625, 1374.9169921875], [1319.2720947265625, 1380.8533935546875, 1359.9158935546875, 1230.9322509765625, 1176.429443359375, 1374.8582763671875, 1209.3448486328125, 1170.911865234375, 1280.606201171875, 1191.366455078125, 1332.1309814453125, 1265.4715576171875, 1285.233642578125, 1188.459228515625, 1317.51025390625, 1260.8287353515625, 1306.440185546875, 1313.4630126953125, 1249.801513671875, 1220.562255859375, 1294.431884765625, 1343.42724609375, 1156.831298828125, 1280.033935546875, 1321.6695556640625, 1321.8304443359375, 1310.3751220703125, 1296.6622314453125, 1275.9747314453125, 1406.941650390625, 1391.6380615234375]], "cem_cartpole.yaml": [[1336.970947265625, 1323.64306640625, 1075.423828125, 1181.500244140625, 1352.38623046875, 1232.181396484375, 1396.52685546875, 1262.3507080078125, 1239.99169921875, 1376.8685302734375, 1319.3212890625, 1309.5911865234375, 1394.6322021484375, 1415.4869384765625, 1332.4112548828125, 1321.121337890625, 1309.442138671875, 1331.236572265625, 1334.3021240234375, 1328.7803955078125, 1392.715087890625, 1410.6661376953125, 1372.0123291015625, 1325.419677734375, 1368.13916015625, 1247.4127197265625, 1348.7908935546875, 1371.97705078125, 1075.9599609375, 1326.509521484375, 1501.125732421875], [1323.777587890625, 1230.9710693359375, 1207.1170654296875, 1333.2451171875, 1318.461181640625, 1302.254638671875, 1413.2662353515625, 1172.1568603515625, 1283.650634765625, 1337.9119873046875, 1328.6949462890625, 1299.02978515625, 1342.029296875, 1380.492919921875, 1258.25439453125, 1311.80859375, 1278.78173828125, 1388.942138671875, 1275.68505859375, 1280.761962890625, 1414.9493408203125, 1259.3455810546875, 1412.0810546875, 1291.346923828125, 1207.350341796875, 1240.704345703125, 1114.345458984375, 1277.4654541015625, 1356.5006103515625, 1234.3858642578125, 1274.099365234375], [1225.425048828125, 1085.122314453125, 1167.2362060546875, 1242.667724609375, 1168.4796142578125, 1156.33154296875, 1230.976806640625, 1416.368896484375, 1327.509033203125, 1411.986572265625, 1390.3272705078125, 1381.435791015625, 1353.924072265625, 1349.722900390625, 1292.455322265625, 1295.236083984375, 1350.662109375, 1282.619873046875, 1238.0894775390625, 1289.5947265625, 1262.3980712890625, 1236.720458984375, 1124.720947265625, 1303.4066162109375, 1281.4456787109375, 1234.677734375, 1266.064453125, 1265.055908203125, 998.6494140625, 1139.6905517578125, 1261.626953125], [1351.6260986328125, 1354.7794189453125, 1483.94287109375, 1256.473388671875, 1364.135986328125, 1339.4173583984375, 1327.47021484375, 1355.9146728515625, 1442.413330078125, 1405.708740234375, 1352.3453369140625, 1418.84375, 1502.160400390625, 1243.4134521484375, 1318.8314208984375, 1350.8194580078125, 1329.986083984375, 1285.8892822265625, 1293.581787109375, 1434.042724609375, 1324.0283203125, 1317.7421875, 1325.069580078125, 1379.85595703125, 1437.395263671875, 1254.3707275390625, 1384.721923828125, 1384.545654296875, 1173.374755859375, 1281.610595703125, 1317.6214599609375]], "cem_mountaincar.yaml": [[1264.556396484375, 1291.823486328125, 1453.75341796875, 1301.9775390625, 1298.370361328125, 1314.878662109375, 1297.9176025390625, 1156.138916015625, 1171.036865234375, 1376.8399658203125, 1466.6165771484375, 1327.7469482421875, 1349.754638671875, 1304.2789306640625, 1292.640869140625, 1174.949462890625, 1401.78564453125, 1403.7923583984375, 1400.9615478515625, 1401.08447265625, 1334.5875244140625, 1231.083740234375, 1379.182373046875, 1252.9376220703125, 1268.915771484375, 1290.6954345703125, 1456.008544921875, 1249.58251953125, 1210.467041015625, 1417.7021484375, 1294.191162109375], [1260.757568359375, 1187.6219482421875, 1306.9400634765625, 1342.797119140625, 1341.537841796875, 1381.3406982421875, 1344.503662109375, 1242.237548828125, 1062.810546875, 1372.159912109375, 1335.93994140625, 1319.7750244140625, 1349.325439453125, 1406.619384765625, 1468.540771484375, 1304.866943359375, 1227.7135009765625, 1392.1671142578125, 1197.9818115234375, 1439.065185546875, 1405.58349609375, 1320.2188720703125, 1184.977294921875, 1284.7984619140625, 1339.331298828125, 1297.763427734375, 1225.7786865234375, 1331.744873046875, 1354.579833984375, 1475.56982421875, 1336.680908203125], [1268.854248046875, 1288.8564453125, 1396.50732421875, 1178.2498779296875, 1510.8017578125, 1190.790283203125, 1352.119140625, 1402.614013671875, 1480.277099609375, 1346.777587890625, 1247.1302490234375, 1314.4080810546875, 1472.6151123046875, 1365.30224609375, 1310.521240234375, 1242.9832763671875, 1342.659912109375, 1420.578857421875, 1449.4595947265625, 1377.5701904296875, 1242.675537109375, 1327.807861328125, 1400.653076171875, 1306.034912109375, 1303.2613525390625, 1348.47802734375, 1146.6806640625, 1286.4705810546875, 1152.884765625, 1432.875, 1409.062255859375], [1376.1444091796875, 1320.9642333984375, 1293.85888671875, 1336.066650390625, 1221.73046875, 1261.7427978515625, 1255.182861328125, 1340.177001953125, 1283.0797119140625, 1249.3695068359375, 1354.6197509765625, 1323.508056640625, 1372.6741943359375, 1336.4854736328125, 1308.65966796875, 1360.2633056640625, 1377.401611328125, 1399.104736328125, 1379.1783447265625, 1156.453857421875, 1144.0155029296875, 1180.197509765625, 1234.23681640625, 1283.347900390625, 1106.298583984375, 1212.7685546875, 1343.8460693359375, 1194.6688232421875, 1264.9449462890625, 1283.3336181640625, 1346.0728759765625]],