{"cem_cartpole.yaml": [[-9.300000190734863, -9.399999618530273, -23.299999237060547, -55.70000076293945, -18.899999618530273, -22.0, -36.099998474121094, -47.79999923706055, -33.900001525878906, -55.0, -44.400001525878906, -84.5, -71.5, -81.19999694824219, -63.5, -89.19999694824219, -96.30000305175781, -103.9000015258789, -127.80000305175781, -116.19999694824219, -108.19999694824219, -179.0, -192.60000610351562, -245.1999969482422, -256.8999938964844, -354.1000061035156, -488.79998779296875, -500.0, -500.0, -500.0, -500.0], [-9.0, -9.300000190734863, -9.399999618530273, -9.600000381469727, -9.100000381469727, -9.399999618530273, -9.5, -9.399999618530273, -11.800000190734863, -10.5, -14.0, -20.600000381469727, -26.100000381469727, -60.0, -65.19999694824219, -52.29999923706055, -53.400001525878906, -79.30000305175781, -56.70000076293945, -107.5999984741211, -134.39999389648438, -129.6999969482422, -153.8000030517578, -115.0, -211.89999389648438, -166.0, -88.0, -126.0, -199.6999969482422, -228.60000610351562, -334.5], [-9.600000381469727, -9.600000381469727, -9.399999618530273, -9.300000190734863, -9.0, -9.399999618530273, -10.600000381469727, -14.699999809265137, -19.200000762939453, -28.600000381469727, -68.5999984741211, -98.5, -89.30000305175781, -134.6999969482422, -167.1999969482422, -308.29998779296875, -392.0, -260.0, -500.0, -500.0, -500.0, -498.6000061035156, -500.0, -500.0, -500.0, -500.0, -500.0, -500.0, -500.0, -500.0, -500.0], [-9.800000190734863, -9.199999809265137, -9.300000190734863, -9.300000190734863, -23.299999237060547, -133.39999389648438, -121.69999694824219, -54.29999923706055, -69.4000015258789, -94.30000305175781, -310.1000061035156, -297.0, -500.0, -407.3999938964844, -500.0, -500.0, -500.0, -500.0, -496.70001220703125, -500.0, -500.0, -500.0, -500.0, -500.0, -500.0, -500.0, -500.0, -500.0, -500.0, -500.0, -500.0]], "cem_acrobot.yaml": [[500.0, 500.0, 500.0, 500.0, 500.0, 500.0, 500.0, 500.0, 500.0, 500.0, 500.0, 250.6999969482422, 452.1000061035156, 256.29998779296875, 77.4000015258789, 79.19999694824219, 76.69999694824219, 90.4000015258789, 78.4000015258789, 81.5, 79.5, 86.5999984741211, 85.5999984741211, 82.5, 78.0999984741211, 78.69999694824219, 81.69999694824219, 78.0999984741211, 82.9000015258789, 81.0999984741211, 100.0], [500.0, 500.0, 500.0, 500.0, 500.0, 500.0, 500.0, 500.0, 98.69999694824219, 94.5, 80.0999984741211, 94.30000305175781, 81.9000015258789, 86.30000305175781, 82.9000015258789, 95.9000015258789, 88.0999984741211, 82.80000305175781, 82.5, 92.0, 95.0999984741211, 84.5, 78.30000305175781, 85.0, 75.9000015258789, 84.0, 92.19999694824219, 87.0, 86.80000305175781, 91.69999694824219, 103.80000305175781], [500.0, 500.0, 500.0, 500.0, 500.0, 500.0, 500.0, 500.0, 500.0, 500.0, 500.0, 500.0, 500.0, 500.0, 500.0, 500.0, 500.0, 500.0, 500.0, 500.0, 500.0, 500.0, 500.0, 500.0, 179.39999389648438, 162.89999389648438, 183.8000030517578, 199.5, 93.69999694824219, 132.89999389648438, 82.19999694824219], [500.0, 500.0, 500.0, 500.0, 500.0, 500.0, 500.0, 500.0, 500.0, 500.0, 500.0, 119.80000305175781, 103.69999694824219, 84.0, 80.5999984741211, 79.80000305175781, 77.30000305175781, 77.0999984741211, 74.30000305175781, 83.0999984741211, 86.30000305175781, 79.0, 79.5, 75.69999694824219, 79.5, 80.0999984741211, 76.0, 83.0999984741211, 94.30000305175781, 96.5, 79.0]], "cem_pendulum.yaml": [[1152.2757568359375, 1166.01171875, 1194.1971435546875, 1277.764404296875, 1501.0911865234375, 1191.4755859375, 1191.11279296875, 1277.203125, 1195.3154296875, 1272.176025390625, 1293.4041748046875, 1140.347412109375, 1254.659423828125, 1263.6397705078125, 1358.508544921875, 1260.682861328125, 1232.8017578125, 1283.7369384765625, 1401.4134521484375, 1083.2369384765625, 1221.093994140625, 1203.3603515625, 1270.007080078125, 1223.4820556640625, 1121.2020263671875, 1223.518310546875, 1181.4005126953125, 1123.519287109375, 1132.7080078125, 1178.570068359375, 1225.693115234375], [1213.766357421875, 1178.691162109375, 1348.988037109375, 1279.0482177734375, 1260.3321533203125, 1340.450439453125, 1500.505126953125, 1401.34375, 1273.32666015625, 1282.9947509765625, 1345.4908447265625, 1362.9332275390625, 1226.440673828125, 1293.345703125, 1435.1773681640625, 1372.04248046875, 1302.208251953125, 1113.069580078125, 1404.5294189453125, 1377.7337646484375, 1434.283447265625, 1177.468017578125, 1360.876708984375, 1239.58642578125, 1074.945068359375, 1237.448974609375, 1186.642578125, 1352.17431640625, 1390.7081298828125, 1253.507080078125, 1151.287353515625], [1356.648193359375, 1141.26708984375, 1264.1619873046875, 1351.516845703125, 1526.4580078125, 1378.2149658203125, 1283.655029296875, 1371.699951171875, 1262.290771484375, 1521.98046875, 1310.661376953125, 1314.65478515625, 1348.859130859375, 1304.34423828125, 1311.4150390625, 1371.497802734375, 1363.7191162109375, 1398.2012939453125, 1386.556396484375, 1376.8817138671875, 1291.8895263671875, 1466.285400390625, 1246.627197265625, 1244.894287109375, 1268.965576171875, 1366.2357177734375, 1174.05078125, 1243.972900390625, 1279.4345703125, 1320.3748779296875, 1365.4898681640625], [1165.682373046875, 1387.833740234375, 1528.5712890625, 1211.3424072265625, 1335.2674560546875, 1267.4442138671875, 1343.279296875, 1443.233642578125, 1279.9876708984375, 1342.894775390625, 1291.1475830078125, 1175.4600830078125, 1147.7294921875, 1206.1453857421875, 1295.9755859375, 1224.877685546875, 1154.5455322265625, 1401.8577880859375, 1285.094482421875, 1201.5665283203125, 1168.2720947265625, 1446.2445068359375, 1305.9478759765625, 1279.882568359375, 1298.6756591796875, 1277.51318359375, 1251.97021484375, 1318.3717041015625, 1211.298095703125, 1352.4110107421875, 1288.796630859375]]}