{"cem_cartpole.yaml": [[-9.800000190734863, -9.699999809265137, -9.699999809265137, -9.699999809265137, -9.699999809265137, -9.699999809265137, -9.600000381469727, -9.600000381469727, -9.600000381469727, -9.5, -27.600000381469727, -23.399999618530273, -19.200000762939453, -15.399999618530273, -10.0, -9.899999618530273, -9.699999809265137, -9.699999809265137, -9.699999809265137, -9.699999809265137, -35.79999923706055, -24.0, -20.799999237060547, -20.5, -14.399999618530273, -11.300000190734863, -10.300000190734863, -10.100000381469727, -9.699999809265137, -9.699999809265137], [-9.899999618530273, -9.899999618530273, -9.800000190734863, -9.800000190734863, -9.699999809265137, -9.699999809265137, -9.699999809265137, -9.699999809265137, -9.600000381469727, -9.600000381469727, -12.100000381469727, -9.800000190734863, -9.699999809265137, -9.699999809265137, -9.699999809265137, -9.699999809265137, -9.699999809265137, -9.699999809265137, -9.600000381469727, -9.600000381469727, -65.5999984741211, -19.100000381469727, -10.199999809265137, -9.699999809265137, -9.699999809265137, -9.600000381469727, -9.600000381469727, -9.600000381469727, -9.600000381469727, -9.600000381469727]], "cem_cartpole2.yaml": [[-9.899999618530273, -9.800000190734863, -9.800000190734863, -9.800000190734863, -9.699999809265137, -9.699999809265137, -9.699999809265137, -9.699999809265137, -9.600000381469727, -9.600000381469727, -12.899999618530273, -12.800000190734863, -9.800000190734863, -9.699999809265137, -9.699999809265137, -9.699999809265137, -9.699999809265137, -9.699999809265137, -9.600000381469727, -9.600000381469727, -87.4000015258789, -31.700000762939453, -22.100000381469727, -20.399999618530273, -11.399999618530273, -9.800000190734863, -9.699999809265137, -9.600000381469727, -9.600000381469727, -9.600000381469727], [-9.800000190734863, -9.699999809265137, -9.699999809265137, -9.600000381469727, -9.600000381469727, -9.600000381469727, -9.600000381469727, -9.600000381469727, -9.600000381469727, -9.600000381469727, -16.100000381469727, -10.0, -9.800000190734863, -9.800000190734863, -9.800000190734863, -9.800000190734863, -9.699999809265137, -9.699999809265137, -9.600000381469727, -9.600000381469727, -36.20000076293945, -21.600000381469727, -10.0, -9.899999618530273, -9.699999809265137, -9.600000381469727, -9.600000381469727, -9.600000381469727, -9.600000381469727, -9.600000381469727]]}